{
  "options": {
    "summaryTrendStats": [
      "avg",
      "min",
      "med",
      "max",
      "p(90)",
      "p(95)"
    ],
    "summaryTimeUnit": "",
    "noColor": false
  },
  "state": {
    "isStdOutTTY": false,
    "isStdErrTTY": false,
    "testRunDurationMs": 9320.63774
  },
  "metrics": {
    "load_time_site5_com": {
      "type": "trend",
      "contains": "default",
      "values": {
        "p(95)": 25.972470199999993,
        "avg": 14.824288470000004,
        "min": 8.834063,
        "med": 13.188221500000001,
        "max": 51.837488,
        "p(90)": 18.849667400000012
      }
    },
    "http_req_connecting": {
      "type": "trend",
      "contains": "time",
      "values": {
        "med": 0,
        "max": 53.387689,
        "p(90)": 27.2633411,
        "p(95)": 49.2290137,
        "avg": 4.666258627777777,
        "min": 0
      }
    },
    "load_time_yahoo_com": {
      "type": "trend",
      "contains": "default",
      "values": {
        "max": 1229.164763,
        "p(90)": 651.3526063,
        "p(95)": 714.5768668,
        "avg": 568.4310072800001,
        "min": 381.05499,
        "med": 583.636385
      }
    },
    "http_req_duration": {
      "values": {
        "p(95)": 589.0887107,
        "avg": 81.3684829177778,
        "min": 0,
        "med": 17.084153999999998,
        "max": 1229.164763,
        "p(90)": 434.8615358
      },
      "type": "trend",
      "contains": "time"
    },
    "group_duration": {
      "type": "trend",
      "contains": "time",
      "values": {
        "avg": 173.5020533620001,
        "min": 19.515871,
        "med": 63.1015985,
        "max": 1257.728868,
        "p(90)": 607.8161637000001,
        "p(95)": 651.6304285499999
      }
    },
    "http_req_duration{expected_response:true}": {
      "contains": "time",
      "values": {
        "p(90)": 498.8866177,
        "p(95)": 601.3716844,
        "avg": 102.49886539857144,
        "min": 2.519257,
        "med": 26.8557985,
        "max": 1229.164763
      },
      "type": "trend"
    },
    "http_req_sending": {
      "type": "trend",
      "contains": "time",
      "values": {
        "min": 0,
        "med": 0.0306975,
        "max": 0.452451,
        "p(90)": 0.05144300000000001,
        "p(95)": 0.06730549999999999,
        "avg": 0.033199743333333316
      }
    },
    "load_time_site4_com": {
      "contains": "default",
      "values": {
        "p(90)": 0,
        "p(95)": 0,
        "avg": 0,
        "min": 0,
        "med": 0,
        "max": 0
      },
      "type": "trend"
    },
    "http_req_blocked": {
      "type": "trend",
      "contains": "time",
      "values": {
        "p(90)": 0.0007840000000000005,
        "p(95)": 16.2434486,
        "avg": 1.8726604722222349,
        "min": 0,
        "med": 0.000371,
        "max": 110.746973
      }
    },
    "http_req_failed": {
      "contains": "default",
      "values": {
        "rate": 0.2222222222222222,
        "passes": 200,
        "fails": 700
      },
      "type": "rate"
    },
    "http_req_tls_handshaking": {
      "type": "trend",
      "contains": "time",
      "values": {
        "avg": 1.18005621,
        "min": 0,
        "med": 0,
        "max": 54.376299,
        "p(90)": 0,
        "p(95)": 11.395828299999986
      }
    },
    "data_received": {
      "type": "counter",
      "contains": "data",
      "values": {
        "count": 172677686,
        "rate": 18526381.00705757
      }
    },
    "vus": {
      "values": {
        "value": 2,
        "min": 2,
        "max": 10
      },
      "type": "gauge",
      "contains": "default"
    },
    "load_time_msn_com": {
      "type": "trend",
      "contains": "default",
      "values": {
        "max": 263.99459,
        "p(90)": 36.011606300000004,
        "p(95)": 38.61407299999999,
        "avg": 34.21162858999999,
        "min": 24.806644,
        "med": 30.737826
      }
    },
    "iteration_duration": {
      "type": "trend",
      "contains": "time",
      "values": {
        "p(95)": 1428.21576215,
        "avg": 867.6132550600003,
        "min": 583.174682,
        "med": 813.1446510000001,
        "max": 1493.982973,
        "p(90)": 1393.5496733000002
      }
    },
    "iterations": {
      "type": "counter",
      "contains": "default",
      "values": {
        "count": 100,
        "rate": 10.72887958844756
      }
    },
    "vus_max": {
      "type": "gauge",
      "contains": "default",
      "values": {
        "value": 10,
        "min": 10,
        "max": 10
      }
    },
    "data_sent": {
      "type": "counter",
      "contains": "data",
      "values": {
        "count": 1128502,
        "rate": 121075.62073322249
      }
    },
    "http_req_receiving": {
      "type": "trend",
      "contains": "time",
      "values": {
        "max": 606.895057,
        "p(90)": 355.2661877,
        "p(95)": 470.8225672499999,
        "avg": 51.539463875555526,
        "min": 0,
        "med": 0.0613565
      }
    },
    "checks": {
      "type": "rate",
      "contains": "default",
      "values": {
        "fails": 200,
        "rate": 0.6,
        "passes": 300
      }
    },
    "http_reqs": {
      "type": "counter",
      "contains": "default",
      "values": {
        "count": 900,
        "rate": 96.55991629602804
      }
    },
    "http_req_waiting": {
      "type": "trend",
      "contains": "time",
      "values": {
        "p(95)": 82.3467052,
        "avg": 29.79581929888888,
        "min": 0,
        "med": 16.9415785,
        "max": 747.14406,
        "p(90)": 64.32152930000001
      }
    },
    "load_time_google_com": {
      "type": "trend",
      "contains": "default",
      "values": {
        "avg": 50.45703775999999,
        "min": 40.623709,
        "med": 49.487773,
        "max": 71.815909,
        "p(90)": 58.297123600000006,
        "p(95)": 63.363909
      }
    }
  },
  "root_group": {
    "name": "",
    "path": "",
    "id": "d41d8cd98f00b204e9800998ecf8427e",
    "groups": [
      {
        "path": "::Testing https://google.com",
        "id": "5182afaf7a106e820c0f14fbeabe4354",
        "groups": [],
        "checks": [
            {
              "id": "56a6a3aac1d7dfa6c8c177bd796c9e8d",
              "passes": 100,
              "fails": 0,
              "name": "status was 200",
              "path": "::Testing https://google.com::status was 200"
            }
          ],
        "name": "Testing https://google.com"
      },
      {
        "name": "Testing https://yahoo.com",
        "path": "::Testing https://yahoo.com",
        "id": "dcae4c955f800e10f2b5331e03f2f99f",
        "groups": [],
        "checks": [
            {
              "path": "::Testing https://yahoo.com::status was 200",
              "id": "1a14ee3c00871c9d4fb4ca44811ce70a",
              "passes": 100,
              "fails": 0,
              "name": "status was 200"
            }
          ]
      },
      {
        "checks": [
          {
            "name": "status was 200",
            "path": "::Testing https://msn.com::status was 200",
            "id": "5065952a1ae9e8a0092626038045b60b",
            "passes": 100,
            "fails": 0
          }
        ],
        "name": "Testing https://msn.com",
        "path": "::Testing https://msn.com",
        "id": "4ea897ea276d4e4d7ddb73b72be06336",
        "groups": []
      },
      {
        "name": "Testing https://site4.com",
        "path": "::Testing https://site4.com",
        "id": "34699ab08e4eba8f67ee9376a3cc5f31",
        "groups": [],
        "checks": [
            {
              "fails": 100,
              "name": "status was 200",
              "path": "::Testing https://site4.com::status was 200",
              "id": "f02e3663cbd2e374b3e002e339b631dd",
              "passes": 0
            }
          ]
      },
      {
        "path": "::Testing https://site5.com",
        "id": "5594699b11ada5572aeae7bb7029f712",
        "groups": [],