{
  "metrics": {
    "http_reqs": {
      "contains": "default",
      "values": {
        "count": 993,
        "rate": 110.76444729369916
      },
      "type": "counter"
    },
    "load_time_google_com": {
      "contains": "default",
      "values": {
        "p(90)": 63.134877200000005,
        "p(95)": 74.9147646,
        "avg": 54.176587310000016,
        "min": 44.118843,
        "med": 51.704522,
        "max": 90.479194
      },
      "type": "trend"
    },
    "load_time_msn_com": {
      "values": {
        "min": 24.280397,
        "med": 31.744967000000003,
        "max": 102.160049,
        "p(90)": 35.10614700000001,
        "p(95)": 37.872438949999996,
        "avg": 32.49879202999998
      },
      "type": "trend",
      "contains": "default"
    },
    "load_time_yahoo_com": {
      "type": "trend",
      "contains": "default",
      "values": {
        "avg": 524.77515327,
        "min": 365.240404,
        "med": 527.660614,
        "max": 760.515368,
        "p(90)": 640.0175254000001,
        "p(95)": 652.4545104
      }
    },
    "iteration_duration": {
      "type": "trend",
      "contains": "time",
      "values": {
        "min": 612.980614,
        "med": 812.693355,
        "max": 1493.903106,
        "p(90)": 1153.8043590000027,
        "p(95)": 1472.7151586,
        "avg": 865.1775283800002
      }
    },
    "http_req_waiting": {
      "values": {
        "avg": 29.134225075528676,
        "min": 0,
        "med": 16.357166,
        "max": 249.907729,
        "p(90)": 66.57486240000003,
        "p(95)": 83.62407739999999
      },
      "type": "trend",
      "contains": "time"
    },
    "data_received": {
      "contains": "data",
      "values": {
        "count": 180138335,
        "rate": 20093578.15980083
      },
      "type": "counter"
    },
    "load_time_site5_com": {
      "type": "trend",
      "contains": "default",
      "values": {
        "min": 7.900371,
        "med": 13.1126565,
        "max": 39.936512,
        "p(90)": 16.731077500000005,
        "p(95)": 18.44409975,
        "avg": 13.756540160000002
      }
    },
    "iterations": {
      "type": "counter",
      "contains": "default",
      "values": {
        "count": 100,
        "rate": 11.154526414269805
      }
    },
    "vus_max": {
      "values": {
        "value": 10,
        "min": 10,
        "max": 10
      },
      "type": "gauge",
      "contains": "default"
    },
    "http_req_blocked": {
      "type": "trend",
      "contains": "time",
      "values": {
        "avg": 2.4276048378650468,
        "min": 0,
        "med": 0.000341,
        "max": 107.932043,
        "p(90)": 0.0005698000000000007,
        "p(95)": 19.198647799999996
      }
    },
    "vus": {
      "type": "gauge",
      "contains": "default",
      "values": {
        "max": 10,
        "value": 10,
        "min": 10
      }
    },
    "data_sent": {
      "type": "counter",
      "contains": "data",
      "values": {
        "count": 916702,
        "rate": 102253.76673013958
      }
    },
    "http_req_receiving": {
      "type": "trend",
      "contains": "time",
      "values": {
        "med": 0.067984,
        "max": 567.995111,
        "p(90)": 243.89615980001918,
        "p(95)": 408.56050359999995,
        "avg": 43.1724205407855,
        "min": 0
      }
    },
    "http_req_duration": {
      "type": "trend",
      "contains": "time",
      "values": {
        "med": 16.516761,
        "max": 760.515368,
        "p(90)": 312.62433300001794,
        "p(95)": 527.0906005999999,
        "avg": 72.34933365256805,
        "min": 0
      }
    },
    "http_req_tls_handshaking": {
      "contains": "time",
      "values": {
        "p(90)": 0,
        "p(95)": 12.139087799999979,
        "avg": 1.7750990020140989,
        "min": 0,
        "med": 0,
        "max": 65.606802
      },
      "type": "trend"
    },
    "group_duration": {
      "type": "trend",
      "contains": "time",
      "values": {
        "med": 64.4620005,
        "max": 775.65619,
        "p(90)": 553.9687398,
        "p(95)": 637.7145798499995,
        "avg": 172.96786108400005,
        "min": 20.359754
      }
    },
    "http_req_sending": {
      "type": "trend",
      "contains": "time",
      "values": {
        "avg": 0.04268803625377643,
        "min": 0,
        "med": 0.038843,
        "max": 0.670424,
        "p(90)": 0.0671824,
        "p(95)": 0.08296
      }
    },
    "checks": {
      "contains": "default",
      "values": {
        "fails": 200,
        "rate": 0.6,
        "passes": 300
      },
      "type": "rate"
    },
    "load_time_site4_com": {
      "type": "trend",
      "contains": "default",
      "values": {
        "min": 0,
        "med": 0,
        "max": 0,
        "p(90)": 0,
        "p(95)": 0,
        "avg": 0
      }
    },
    "http_req_connecting": {
      "type": "trend",
      "contains": "time",
      "values": {
        "p(95)": 51.4485854,
        "avg": 4.463853275931522,
        "min": 0,
        "med": 0,
        "max": 55.030479,
        "p(90)": 26.623874600000004
      }
    }
  },
  "root_group": {
    "checks": [],
    "name": "",
    "path": "",
    "id": "d41d8cd98f00b204e9800998ecf8427e",
    "groups": [
        {
          "name": "Testing https://google.com",
          "path": "::Testing https://google.com",
          "id": "5182afaf7a106e820c0f14fbeabe4354",
          "groups": [],
          "checks": [
              {
                "name": "status was 200",
                "path": "::Testing https://google.com::status was 200",
                "id": "56a6a3aac1d7dfa6c8c177bd796c9e8d",
                "passes": 100,
                "fails": 0
              }
            ]
        },
        {
          "groups": [],
          "checks": [
              {
                "fails": 0,
                "name": "status was 200",
                "path": "::Testing https://yahoo.com::status was 200",
                "id": "1a14ee3c00871c9d4fb4ca44811ce70a",
                "passes": 100
              }
            ],
          "name": "Testing https://yahoo.com",
          "path": "::Testing https://yahoo.com",
          "id": "dcae4c955f800e10f2b5331e03f2f99f"
        },
        {
          "name": "Testing https://msn.com",
          "path": "::Testing https://msn.com",
          "id": "4ea897ea276d4e4d7ddb73b72be06336",
          "groups": [],
          "checks": [
              {
                "name": "status was 200",
                "path": "::Testing https://msn.com::status was 200",
                "id": "5065952a1ae9e8a0092626038045b60b",
                "passes": 100,
                "fails": 0
              }
            ]
        },
        {
          "name": "Testing https://site4.com",
          "path": "::Testing https://site4.com",
          "id": "34699ab08e4eba8f67ee9376a3cc5f31",
          "groups": [],
          "checks": [
              {
                "name": "status was 200",
                "path": "::Testing https://site4.com::status was 200",
                "id": "f02e3663cbd2e374b3e002e339b631dd",
                "passes": 0,
                "fails": 100
              }
            ]
        },
        {
          "id": "5594699b11ada5572aeae7bb7029f712",
          "groups": [],
          "checks": [
              {
                "name": "status was 200",
                "path": "::Testing https://site5.com::status was 200",
                "id": "9c6fbf718ff750624f56d2d071bc8773",
                "passes": 0,
                "fails": 100
              }
            ],
          "name": "Testing https://site5.com",
          "path": "::Testing https://site5.com"
        }
      ]
  },
  "options": {
    "summaryTrendStats": [
      "avg",
      "min",
      "med",
      "max",
      "p(90)",
      "p(95)"
    ],
    "summaryTimeUnit": ""
  }
}