{
  "options": {
    "summaryTimeUnit": "",
    "noColor": false,
    "summaryTrendStats": [
      "avg",
      "min",
      "med",
      "max",
      "p(90)",
      "p(95)"
    ]
  },
  "state": {
    "isStdOutTTY": false,
    "isStdErrTTY": false,
    "testRunDurationMs": 6598.14486
  },
  "metrics": {
    "http_req_connecting": {
      "type": "trend",
      "contains": "time",
      "values": {
        "med": 0,
        "max": 2.601422,
        "p(90)": 1.930601,
        "p(95)": 1.96596625,
        "avg": 0.44635369696969696,
        "min": 0
      }
    },
    "http_req_tls_handshaking": {
      "type": "trend",
      "contains": "time",
      "values": {
        "avg": 2.4694783787878785,
        "min": 0,
        "med": 0,
        "max": 11.750076,
        "p(90)": 10.767498,
        "p(95)": 11.12499075
      }
    },
    "iteration_duration": {
      "type": "trend",
      "contains": "time",
      "values": {
        "avg": 1053.211627590909,
        "min": 1043.732302,
        "med": 1051.6568475,
        "max": 1065.50592,
        "p(90)": 1063.718254,
        "p(95)": 1064.2095172499999
      }
    },
    "http_reqs": {
      "type": "counter",
      "contains": "default",
      "values": {
        "rate": 10.00281160847384,
        "count": 66
      }
    },
    "http_req_duration{expected_response:true}": {
      "type": "trend",
      "contains": "time",
      "values": {
        "avg": 49.589930863636354,
        "min": 43.100914,
        "med": 49.041712000000004,
        "max": 60.78047,
        "p(90)": 54.72842,
        "p(95)": 56.3720645
      }
    },
    "http_req_duration": {
      "type": "trend",
      "contains": "time",
      "values": {
        "p(90)": 54.72842,
        "p(95)": 56.3720645,
        "avg": 49.589930863636354,
        "min": 43.100914,
        "med": 49.041712000000004,
        "max": 60.78047
      },
      "thresholds": {
        "p(99) < 3000": {
          "ok": true
        }
      }
    },
    "vus_max": {
      "type": "gauge",
      "contains": "default",
      "values": {
        "value": 15,
        "min": 15,
        "max": 15
      }
    },
    "http_req_sending": {
      "type": "trend",
      "contains": "time",
      "values": {
        "p(90)": 0.0715945,
        "p(95)": 0.07709925000000001,
        "avg": 0.04391437878787878,
        "min": 0.022703,
        "med": 0.0361625,
        "max": 0.174197
      }
    },
    "http_req_failed": {
      "type": "rate",
      "contains": "default",
      "values": {
        "rate": 0,
        "passes": 0,
        "fails": 66
      }
    },
    "data_received": {
      "type": "counter",
      "contains": "data",
      "values": {
        "count": 1549666,
        "rate": 234863.89475844277
      }
    },
    "http_req_waiting": {
      "type": "trend",
      "contains": "time",
      "values": {
        "p(95)": 54.479274249999996,
        "avg": 48.26013404545453,
        "min": 42.504485,
        "med": 48.0901765,
        "max": 58.841001,
        "p(90)": 52.677478
      }
    },
    "http_req_blocked": {
      "contains": "time",
      "values": {
        "min": 0.00027,
        "med": 0.0003555,
        "max": 16.084393,
        "p(90)": 12.7977905,
        "p(95)": 13.29932775,
        "avg": 2.9765999848484883
      },
      "type": "trend"
    },
    "iterations": {
      "contains": "default",
      "values": {
        "count": 66,
        "rate": 10.00281160847384
      },
      "type": "counter"
    },
    "checks": {
      "type": "rate",
      "contains": "default",
      "values": {
        "rate": 1,
        "passes": 66,
        "fails": 0
      }
    },
    "data_sent": {
      "type": "counter",
      "contains": "data",
      "values": {
        "count": 19428,
        "rate": 2944.4639989307543
      }
    },
    "http_req_receiving": {
      "type": "trend",
      "contains": "time",
      "values": {
        "avg": 1.2858824393939394,
        "min": 0.145342,
        "med": 1.0999349999999999,
        "max": 4.626509,
        "p(90)": 1.9234295000000001,
        "p(95)": 2.16885325
      }
    },
    "vus": {
      "values": {
        "value": 4,
        "min": 4,
        "max": 15
      },
      "type": "gauge",
      "contains": "default"
    }
  },
  "root_group": {
    "id": "d41d8cd98f00b204e9800998ecf8427e",
    "groups": [],
    "checks": [
        {
          "name": "status was 200",
          "path": "::status was 200",
          "id": "1461660757a913d4fb82ac4c5e1009de",
          "passes": 66,
          "fails": 0
        }
      ],
    "name": "",
    "path": ""
  }
}